ID,Language_ID,Parameter_ID,Value,Comment,Source
1A-abi,abi,1A,2,Moderately small,Najlis-1966
1A-abk,abk,1A,5,Large,Hewitt-1979
1A-ach,ach,1A,1,Small,Susnik-1974
1A-acm,acm,1A,2,Moderately small,Olmsted-1966;Olmsted-1964
1A-aco,aco,1A,5,Large,Miller-1966
1A-adz,adz,1A,2,Moderately small,Holzknecht-1973
1A-agh,agh,1A,3,Average,Hyman-1979
1A-aht,aht,1A,4,Moderately large,Kari-1990
1A-aik,aik,1A,3,Average,Hanke-1956;Aikhenvald-and-Dixon-1999[362-363]
1A-ain,ain,1A,1,Small,Patrie-1982;Simeon-1969
1A-aiz,aiz,1A,3,Average,Herault-1971
1A-akn,akn,1A,3,Average,Ladefoged-1964;Dolphyne-1988;Stewart-1967;Schachter-and-Fromkin-1968;Welmers-1946
1A-akw,akw,1A,1,Small,Edwards-1978
1A-abm,abm,1A,1,Small,Rand-1968
1A-ala,ala,1A,2,Moderately small,Bruce-1984
1A-alw,alw,1A,3,Average,Sharpe-1972
1A-alb,alb,1A,3,Average,Newmark-1957
1A-aea,aea,1A,3,Average,Bergsland-1956;Jacobson-1944;Rozelle-1997;Bergsland-1959;Bergsland-1994;Cho-et-al-1997;Menovshchikov-1968
1A-ald,ald,1A,3,Average,Dumestre-and-Duponchel-1971;Duponchel-1971
1A-amc,amc,1A,1,Small,Osborn-1948
1A-ame,ame,1A,2,Moderately small,Roberts-1987
1A-amh,amh,1A,4,Moderately large,Hayward-and-Hayward-1999
1A-amo,amo,1A,3,Average,Anderson-1980;Di-Luzio-1972
1A-amz,amz,1A,3,Average,Bauernschmidt-1965;Longacre-1966
1A-adk,adk,1A,1,Small,Landaburu-1979
1A-ant,ant,1A,1,Small,Huisman-1973;Huisman-et-al-1981;Huisman-and-Lloyd-1981
1A-anc,anc,1A,4,Moderately large,Burquest-1971
1A-ani,ani,1A,5,Large,Vossen-1997;Vossen-1986
1A-ao,ao,1A,1,Small,Gowda-1975;Gowda-1972
1A-api,api,1A,1,Small,Burgess-and-Ham-1968
1A-apu,apu,1A,1,Small,Facundes-2000
1A-arb,arb,1A,1,Small,Rich-1963
1A-aeg,aeg,1A,4,Moderately large,Kennedy-1960;Tomiche-1964;Mitchell-1962
1A-ana,ana,1A,3,Average,de-Pitman-1981
1A-arp,arp,1A,2,Moderately small,Conrad-and-Wogiga-1991
1A-arc,arc,1A,5,Large,Kodzasov-1977
1A-arm,arm,1A,4,Moderately large,Allen-1950
1A-amp,amp,1A,5,Large,Henderson-1994
1A-asm,asm,1A,1,Small,Voorhoeve-1965
1A-ata,ata,1A,3,Average,Egerod-1966b
1A-ava,ava,1A,5,Large,Zhirkov-1936;Charachidze-1981
1A-awp,awp,1A,1,Small,Curnow-1997
1A-awn,awn,1A,4,Moderately large,Hetzron-1969;Hetzron-1976
1A-aym,aym,1A,4,Moderately large,Martin-1969
1A-aze,aze,1A,3,Average,Householder-and-Lofti-1965
1A-bag,bag,1A,4,Moderately large,Stevenson-1969
1A-bai,bai,1A,2,Moderately small,Dell-1981
1A-bng,bng,1A,1,Small,Parker-and-Parker-1974
1A-baj,baj,1A,4,Moderately large,Verheijen-1986
1A-bki,bki,1A,2,Moderately small,Wheatley-1969;Wheatley-1973
1A-bam,bam,1A,3,Average,Bird-et-al-1977
1A-byu,byu,1A,1,Small,Cunningham-1969
1A-brd,brd,1A,2,Moderately small,Metcalfe-1971
1A-brb,brb,1A,2,Moderately small,Welmers-1952a
1A-bsk,bsk,1A,4,Moderately large,Poppe-1964
1A-bsq,bsq,1A,3,Average,Saltarelli-et-al-1988
1A-bkr,bkr,1A,2,Moderately small,Woollams-1996
1A-bto,bto,1A,2,Moderately small,van-der-Tuuk-1971
1A-baw,baw,1A,3,Average,Reichle-1981
1A-bee,bee,1A,2,Moderately small,Jacquot-1981;Jacquot-1962
1A-bej,bej,1A,3,Average,Hudson-1974;Hudson-1976b
1A-bco,bco,1A,4,Moderately large,Nater-1984;Newman-1947
1A-ben,ben,1A,4,Moderately large,Klaiman-1990;Ferguson-and-Chowdhury-1960
1A-bma,bma,1A,4,Moderately large,Abdel-Massih-1971;Penchoen-1973b
1A-ber,ber,1A,3,Average,Triulzi-et-al-1976a
1A-bet,bet,1A,3,Average,Werle-and-Gbalehi-1976
1A-bir,bir,1A,3,Average,Bouquiaux-1970;Wolff-1959
1A-bis,bis,1A,2,Moderately small,Naden-1973
1A-bbf,bbf,1A,3,Average,Bris-and-Prost-1981;Morse-1976
1A-bod,bod,1A,2,Moderately small,Bhat-1968
1A-brr,brr,1A,1,Small,Crowell-1979
1A-brh,brh,1A,3,Average,Emeneau-1962;Emeneau-1937;De-Armond-1975
1A-bra,bra,1A,3,Average,Keller-1976
1A-bre,bre,1A,3,Average,Bothorel-1982;Ternes-1970
1A-bri,bri,1A,2,Moderately small,Arroyo-1972
1A-brw,brw,1A,3,Average,Thongkum-1979
1A-bul,bul,1A,3,Average,Ternes-and-Vladimirova-Buhtz-1999;Klagstad-1958;Scatton-1984;Aronson-1968;Bidwell-1968
1A-bua,bua,1A,2,Moderately small,Glasgow-and-Glasgow-1967
1A-brm,brm,1A,4,Moderately large,Watkins-2001;Okell-1969
1A-bur,bur,1A,5,Large,Anderson-1997b;Morgenstierne-1945
1A-cac,cac,1A,1,Small,Anderton-1989;Cathcart-1979
1A-cad,cad,1A,3,Average,Chafe-1976;Chafe-1979
1A-cah,cah,1A,3,Average,Bright-1965b;Sauvel-and-Munro-1981;Seiler-1977
1A-cax,cax,1A,2,Moderately small,Payne-1981;Dirks-1953
1A-cam,cam,1A,3,Average,Howard-1967;Howard-1972;Mongui-Sanchez-1981
1A-ckr,ckr,1A,1,Small,Popjes-and-Popjes-1986
1A-cnt,cnt,1A,3,Average,Zee-1999
1A-car,car,1A,2,Moderately small,Hoff-1968;Peasgood-1972
1A-ctl,ctl,1A,3,Average,Carbonell-and-Llisteri-1999
1A-cay,cay,1A,3,Average,Lindskoog-and-Brend-1962
1A-cyv,cyv,1A,2,Moderately small,Key-1961;Key-1967
1A-cha,cha,1A,3,Average,Topping-1973;Seiden-1960
1A-chw,chw,1A,3,Average,Edmondson-and-Gregerson-1993;Blood-1967
1A-cso,cso,1A,2,Moderately small,Pride-1965
1A-chl,chl,1A,4,Moderately large,Kinkade-1963
1A-che,che,1A,1,Small,Walker-1975b;Bender-and-Harris-1946;Cook-1979
1A-cck,cck,1A,2,Moderately small,Gordon-et-al-2000;Munro-et-al-2002
1A-cle,cle,1A,3,Average,Rupp-1989;Rupp-1990
1A-chq,chq,1A,4,Moderately large,Robbins-1968;Robbins-1961
1A-cti,cti,1A,3,Average,Henderson-1965
1A-chp,chp,1A,5,Large,Li-1933;Li-1946;Li-1932
1A-cve,cve,1A,1,Small,Thurman-1970
1A-chk,chk,1A,2,Moderately small,Krause-1980;Skorik-1968;Skorik-1961
1A-chu,chu,1A,3,Average,Stell-1972
1A-chv,chv,1A,3,Average,Krueger-1961;Andreev-1966
1A-cil,cil,1A,3,Average,de-Schryver-1999
1A-ccp,ccp,1A,3,Average,Crawford-1966[13]
1A-cof,cof,1A,4,Moderately large,Borman-1962
1A-cmn,cmn,1A,1,Small,Charney-1993;Wistrand-Robinson-and-Armagost-1990
1A-coo,coo,1A,5,Large,Zenk-1990
1A-cre,cre,1A,1,Small,Dahlstrom-1991;Vinay-1992
1A-cub,cub,1A,1,Small,Morse-and-Maxwell-1999b;Salser-1971
1A-dad,dad,1A,1,Small,MacDonald-1973
1A-dag,dag,1A,1,Small,Murane-1974
1A-dgb,dgb,1A,3,Average,Olawsky-1999;Wilson-and-Bendor-Samuel-1969
1A-dgr,dgr,1A,3,Average,Bao-1982
1A-dah,dah,1A,5,Large,Tucker-et-al-1977;Nurse-1986;Maddieson-et-al-1993
1A-ddf,ddf,1A,3,Average,Thelwall-1981;Tucker-and-Bryan-1966
1A-dan,dan,1A,3,Average,Bearth-and-Zemp-1967
1A-dnw,dnw,1A,3,Average,Fedry-1977
1A-dni,dni,1A,1,Small,van-der-Stap-1966;Bromley-1961
1A-dar,dar,1A,4,Moderately large,Kotapish-and-Kotapish-1975;Kotapish-and-Kotapish-1973
1A-det,det,1A,5,Large,Vossen-1997
1A-die,die,1A,3,Average,Langdon-1970
1A-din,din,1A,3,Average,Malou-1988;Andersen-1987
1A-dio,dio,1A,3,Average,Sapir-1965
1A-diy,diy,1A,3,Average,Austin-1981
1A-diz,diz,1A,3,Average,Allan-1976b
1A-djp,djp,1A,3,Average,Rose-et-al-1982;Morphy-1983
1A-der,der,1A,1,Small,Voorhoeve-1971
1A-doy,doy,1A,3,Average,Wiering-1974
1A-dre,dre,1A,4,Moderately large,Moyse-Faurie-1983
1A-dum,dum,1A,1,Small,Ross-1980
1A-dyi,dyi,1A,1,Small,Dixon-1972
1A-efi,efi,1A,1,Small,Cook-1969a
1A-eja,eja,1A,3,Average,Watters-1981
1A-eka,eka,1A,1,Small,Steltenpool-1969;Doble-1987
1A-eng,eng,1A,3,Average,Gimson-1970
1A-epe,epe,1A,2,Moderately small,Harms-1985;Harms-1994;Harms-1984
1A-evn,evn,1A,2,Moderately small,Novikova-1966;Novikova-1960
1A-eve,eve,1A,2,Moderately small,Nedjalkov-1997;Bulatova-and-Grenoble-1999
1A-ewe,ewe,1A,4,Moderately large,Pasch-1995
1A-ewo,ewo,1A,4,Moderately large,Nnomo-and-Mbezele-1982;Redden-1979;Abega-1970
1A-eya,eya,1A,4,Moderately large,Krauss-1965
1A-fas,fas,1A,1,Small,Loeweke-and-May-1964
1A-fef,fef,1A,2,Moderately small,Hyman-1972
1A-fij,fij,1A,3,Average,Dixon-1988
1A-fin,fin,1A,2,Moderately small,Wiik-1965;Harms-1964;Lehtinen-1970
1A-fre,fre,1A,3,Average,Fougeron-and-Smith-1999;Sten-1963
1A-ful,ful,1A,3,Average,Lapenda-1968
1A-fur,fur,1A,2,Moderately small,Tucker-and-Bryan-1966;Beaton-1968;Jakobi-1990
1A-fuz,fuz,1A,1,Small,Chen-and-Norman-1965;Hanyu-1960;Chan-1985;Norman-1988
1A-fye,fye,1A,5,Large,Nettle-1998
1A-ga,ga,1A,4,Moderately large,Berry-nd;Kropp-1987
1A-gds,gds,1A,1,Small,Frantz-and-Frantz-1966
1A-gar,gar,1A,2,Moderately small,Burling-1961
1A-grr,grr,1A,3,Average,Furby-1974
1A-gbb,gbb,1A,4,Moderately large,Samarin-1966;Monino-and-Roulon-1972
1A-gla,gla,1A,4,Moderately large,He-1983;He-1981
1A-geo,geo,1A,4,Moderately large,Hewitt-1995;Neisser-1953;Tschenkeli-1958;Vogt-1938;Robins-and-Waterson-1952;Vogt-1958;Selmer-1935;Vogt-1971
1A-ger,ger,1A,3,Average,Kohler-1999;Moulton-1962;Wangler-1972
1A-goa,goa,1A,1,Small,Mansen-1967;Holmer-1949d
1A-goo,goo,1A,3,Average,McGregor-1990
1A-gan,gan,1A,3,Average,Yadav-nd
1A-grb,grb,1A,3,Average,Innes-1966
1A-grk,grk,1A,3,Average,Householder-et-al-1964
1A-grw,grw,1A,3,Average,Rischel-1974
1A-ghb,ghb,1A,2,Moderately small,Kondo-and-Kondo-1967
1A-gmb,gmb,1A,2,Moderately small,Caudmont-1954;Branks-and-Branks-1973
1A-gua,gua,1A,2,Moderately small,Lunt-1973;Uldall-1956;Gregores-and-Suarez-1967
1A-gwa,gwa,1A,3,Average,Hyman-and-Magaji-1970
1A-had,had,1A,5,Large,Sands-et-al-1996;Tucker-et-al-1977
1A-hai,hai,1A,5,Large,Sapir-1923
1A-hak,hak,1A,2,Moderately small,Hashimoto-1973
1A-hmr,hmr,1A,3,Average,Lydall-1976
1A-ham,ham,1A,1,Small,Healey-1981;Oates-and-Oates-1968
1A-hau,hau,1A,4,Moderately large,Newman-2000;Schuh-and-Bagari-1999
1A-haw,haw,1A,1,Small,Pukui-and-Elbert-1965;Schutz-1981;Elbert-and-Pukui-1979
1A-hba,hba,1A,2,Moderately small,Bolozky-1978;Bolozky-1997
1A-hin,hin,1A,5,Large,Ohala-1999;Kelkar-1968;Ohala-1983
1A-hix,hix,1A,2,Moderately small,Derbyshire-1985
1A-hmo,hmo,1A,5,Large,Wang-1983;Smalley-1976;Harriehausen-1990;Purnell-1972;Wang-1985;Lyman-1974
1A-hop,hop,1A,3,Average,Voegelin-1956;Kluckhohn-and-MacLeish-1955;Whorf-1946a
1A-htc,htc,1A,3,Average,Peralta-1984;McQuown-1984;Larsen-and-Pike-1949
1A-hve,hve,1A,3,Average,Suarez-1975;Stairs-Kreger-and-Scharfe-de-Stairs-1981
1A-hum,hum,1A,2,Moderately small,Minor-et-al-1982;Petersen-de-Pineros-1994;Burtch-1983;Aschmann-1993
1A-hun,hun,1A,4,Moderately large,Banhidi-et-al-1965;Hall-1944;Szende-1999
1A-hzb,hzb,1A,5,Large,van-den-Berg-1995
1A-hup,hup,1A,4,Moderately large,Golla-1970;Gordon-1996;Woodward-1964
1A-iaa,iaa,1A,5,Large,Maddieson-and-Anderson-1995;Haudricourt-1971;Ozanne-Rivierre-1976
1A-iba,iba,1A,3,Average,Omar-1981;Scott-1957
1A-igb,igb,1A,4,Moderately large,Ikekeonwu-1999
1A-ign,ign,1A,3,Average,Ott-and-Ott-1967a
1A-ijo,ijo,1A,3,Average,Williamson-1965
1A-ik,ik,1A,4,Moderately large,Heine-1975b;Tucker-1971
1A-ika,ika,1A,2,Moderately small,Frank-1990;Tracy-and-Tracy-1973
1A-imo,imo,1A,1,Small,Seiler-1985
1A-ind,ind,1A,3,Average,Alwi-et-al-1998
1A-igs,igs,1A,3,Average,Crewe-1975;Tucker-and-Bryan-1966
1A-ing,ing,1A,5,Large,Nichols-1994b
1A-irx,irx,1A,3,Average,Meader-1967
1A-irq,irq,1A,4,Moderately large,Maghway-1995;Whiteley-1958;Nordbustad-1988;Mous-1993
1A-irr,irr,1A,1,Small,Voorhoeve-1989
1A-ird,ird,1A,5,Large,O-Dochartaigh-1992;Ni-Chasaide-1999
1A-iso,iso,1A,4,Moderately large,Donwa-1982
1A-ite,ite,1A,4,Moderately large,Volodin-1976
1A-ito,ito,1A,3,Average,Liccardi-and-Grimes-1968
1A-ivs,ivs,1A,3,Average,Hidalgo-and-Hidalgo-1971;Cottle-and-Cottle-1958;Heye-and-Hidalgo-1967
1A-iwm,iwm,1A,1,Small,Laycock-1965b
1A-jak,jak,1A,4,Moderately large,Day-1973;Craig-1977
1A-jpn,jpn,1A,2,Moderately small,Jorden-1963;Shibatani-1990;Martin-1952;Bloch-1950
1A-jpr,jpr,1A,1,Small,Durbin-and-Seijas-1972
1A-jaq,jaq,1A,5,Large,Hardman-2000
1A-jav,jav,1A,3,Average,Uhlenbeck-1963;Fagan-1988;Horne-1961;Herrfurth-1964
1A-jeb,jeb,1A,3,Average,Bendor-Samuel-1961b
1A-jeh,jeh,1A,5,Large,Cohen-1966;Gradin-and-Gradin-1979;Gradin-1966
1A-jng,jng,1A,3,Average,Liu-1964
1A-jiv,jiv,1A,2,Moderately small,Beasley-and-Pike-1957
1A-jom,jom,1A,1,Small,Schadeberg-1981a
1A-juh,juh,1A,5,Large,Snyman-1975;Snyman-1970;Dickens-1994
1A-kab,kab,1A,5,Large,Kuipers-1960
1A-kad,kad,1A,3,Average,Matsushita-1984;Abdalla-1973
1A-kng,kng,1A,1,Small,Kindell-1972;Wiesemann-1972;Henry-1935
1A-kly,kly,1A,2,Moderately small,Kennedy-1981;Wurm-1972a
1A-kal,kal,1A,5,Large,Baart-1997
1A-kgu,kgu,1A,3,Average,Blake-1979b
1A-kzh,kzh,1A,3,Average,Zheng-and-Quan-1988
1A-knk,knk,1A,3,Average,Newman-1974
1A-knd,knd,1A,4,Moderately large,Steever-1998b;Sridhar-1990;Upadhyaya-1972
1A-knr,knr,1A,3,Average,Hutchison-1981;Lukas-1937;Awobuluyi-1971
1A-ksg,ksg,1A,4,Moderately large,Jones-1961
1A-krk,krk,1A,2,Moderately small,Bright-1957
1A-kas,kas,1A,4,Moderately large,Zakharin-1974;Zakharin-and-Edelman-1971;Bhat-1987;Kelkar-and-Trisal-1964
1A-kws,kws,1A,3,Average,Zigmond-et-al-1990-1991
1A-kyl,kyl,1A,3,Average,Solnit-1997
1A-kay,kay,1A,2,Moderately small,Evans-1995
1A-ked,ked,1A,2,Moderately small,Korner-1985;Samely-1991
1A-kef,kef,1A,3,Average,Fleming-1976
1A-kek,kek,1A,3,Average,Haeseriju-1966;Freeze-1975
1A-ker,ker,1A,3,Average,Ebert-1979;Ebert-1976
1A-ket,ket,1A,2,Moderately small,Krejnovich-1968a;Dulzon-1968;Feev-1998;Vajda-2000
1A-kew,kew,1A,2,Moderately small,Franklin-and-Franklin-1962
1A-kha,kha,1A,3,Average,Hangin-1968;Svantesson-1985;Luvsanvandan-1964;Street-1963
1A-kty,kty,1A,2,Moderately small,Gulya-1966;Nikolaeva-1999
1A-khr,khr,1A,4,Moderately large,Biligiri-1965;Pinnow-1959
1A-khs,khs,1A,3,Average,Rabel-1961
1A-khm,khm,1A,3,Average,Huffman-1970a;Ehrman-1972b;Jacob-1968;Huffman-1970b
1A-kmu,kmu,1A,3,Average,Svantesson-1983
1A-kho,kho,1A,4,Moderately large,Ladefoged-and-Traill-1984;Vossen-1997;Hagman-1977
1A-klv,klv,1A,3,Average,Senft-1986
1A-kio,kio,1A,3,Average,Sivertsen-1956;Watkins-1984
1A-kgz,kgz,1A,3,Average,Herbert-and-Poppe-1963;Junusaliev-1966
1A-krb,krb,1A,1,Small,Groves-et-al-1985
1A-kss,kss,1A,2,Moderately small,Childs-1995
1A-kiw,kiw,1A,1,Small,Wurm-1977
1A-klm,klm,1A,4,Moderately large,Barker-1964;Barker-1963a
1A-kla,kla,1A,1,Small,Singler-1979
1A-koa,koa,1A,1,Small,Haas-1944;Rising-1992
1A-kob,kob,1A,3,Average,Davies-1980;Davies-1981b
1A-koh,koh,1A,4,Moderately large,Cook-1969b
1A-koi,koi,1A,1,Small,Dutton-1996;Dutton-1969
1A-kzy,kzy,1A,4,Moderately large,Lytkin-1966b;Bubrix-1949
1A-kom,kom,1A,3,Average,Tucker-and-Bryan-1966
1A-kkn,kkn,1A,3,Average,Madtha-1984;Gajendragadkar-1970;Major-1979
1A-kgi,kgi,1A,5,Large,Santos-1977
1A-kor,kor,1A,3,Average,Cho-1967;Kim-1986;Martin-1951;Lee-1999;Martin-and-Lee-1969;Kim-1972;Martin-1954
1A-kfe,kfe,1A,2,Moderately small,Rennison-1997
1A-kry,kry,1A,2,Moderately small,Zhukova-1980
1A-kot,kot,1A,3,Average,Emeneau-1944
1A-ktk,ktk,1A,4,Moderately large,Bouny-1977
1A-koy,koy,1A,3,Average,Tyler-1969
1A-kse,kse,1A,2,Moderately small,Williamson-1967;Prost-1956
1A-kch,kch,1A,2,Moderately small,Heath-1999b
1A-kpa,kpa,1A,3,Average,Shimizu-1971
1A-kpe,kpe,1A,3,Average,Welmers-1973;Hyman-1973;Welmers-1962
1A-kro,kro,1A,3,Average,Reh-1985
1A-kya,kya,1A,1,Small,Oates-1964b;Oates-and-Oates-1964;Wurm-1972a
1A-kul,kul,1A,3,Average,Allan-1976a
1A-kun,kun,1A,2,Moderately small,Sherzer-1983;Baptista-and-Wallin-1974
1A-knm,knm,1A,3,Average,Bender-1996
1A-kmp,kmp,1A,2,Moderately small,Pence-1966
1A-krd,krd,1A,4,Moderately large,McCarus-1958;Abdulla-and-McCarus-1967
1A-kur,kur,1A,3,Average,Pfeiffer-1972;Pinnow-1964
1A-kut,kut,1A,4,Moderately large,Garvin-1948a;Morgan-1991
1A-kwa,kwa,1A,2,Moderately small,Keesing-1985
1A-kwk,kwk,1A,5,Large,Boas-1947;Newman-1950;Grubb-1977;Boas-1911a
1A-kwo,kwo,1A,3,Average,Kooyers-et-al-1971
1A-lad,lad,1A,4,Moderately large,Koshal-1979
1A-lah,lah,1A,4,Moderately large,Matisoff-1988;Matisoff-1973
1A-lak,lak,1A,5,Large,Zhirkov-1955;Khajdakov-1966b;Murkelinskij-1967
1A-lkt,lkt,1A,3,Average,Carter-1974
1A-lkk,lkk,1A,4,Moderately large,Solnit-1988;Haudricourt-1967
1A-lam,lam,1A,4,Moderately large,Sachnine-1982
1A-lan,lan,1A,2,Moderately small,Okello-1975
1A-lat,lat,1A,4,Moderately large,Mathiassen-1997
1A-lav,lav,1A,2,Moderately small,Terrill-1999
1A-llm,llm,1A,3,Average,Hoftmann-1971
1A-len,len,1A,2,Moderately small,Lynch-1978
1A-lep,lep,1A,4,Moderately large,Ju-1996;Mainwaring-1876;Mainwaring-1898
1A-lez,lez,1A,5,Large,Kodzasov-1990a;Haspelmath-1993
1A-lit,lit,1A,5,Large,Ambrazas-et-al-1966;Senn-1966;Augustitis-1964
1A-lu,lu,1A,3,Average,Morev-1978;Li-1964
1A-lua,lua,1A,3,Average,Boyeldieu-1985
1A-lug,lug,1A,4,Moderately large,Tucker-and-Bryan-1966;Anderson-1986;Crazzolara-1960
1A-lui,lui,1A,3,Average,Bright-1968;Hyde-1971;Bright-1965a;Malecot-1963b;Kroeber-and-Grace-1960
1A-luo,luo,1A,4,Moderately large,Gregersen-1961
1A-lus,lus,1A,5,Large,Bates-et-al-1994
1A-kkv,kkv,1A,2,Moderately small,Counts-1969
1A-luv,luv,1A,2,Moderately small,Horton-1949
1A-maa,maa,1A,3,Average,Tucker-and-Bryan-1966;Tucker-and-Mpaayei-1955
1A-mab,mab,1A,3,Average,Tucker-and-Bryan-1966
1A-mne,mne,1A,2,Moderately small,Shipley-1964;Shipley-1956
1A-mal,mal,1A,4,Moderately large,Dahl-1952;Dyen-1971b
1A-mlk,mlk,1A,1,Small,Tryon-1974;Birk-1975
1A-mla,mla,1A,3,Average,Perrin-and-Hill-1969;Connell-2000
1A-mnc,mnc,1A,2,Moderately small,Austin-1962
1A-mnd,mnd,1A,3,Average,Dow-1972;Cheng-1973a;Chao-1968;Hanyu-1960
1A-myi,myi,1A,2,Moderately small,Merlan-1982
1A-mgg,mgg,1A,3,Average,Todaeva-1973
1A-mao,mao,1A,1,Small,Bauer-1993
1A-map,map,1A,3,Average,Smeets-1989
1A-mrn,mrn,1A,1,Small,McKaughan-and-Macaraya-1967;McKaughan-1958
1A-mku,mku,1A,1,Small,Tryon-1970b
1A-mrg,mrg,1A,4,Moderately large,Hoffmann-1963;Maddieson-1987
1A-mar,mar,1A,3,Average,Gordon-1986
1A-mme,mme,1A,3,Average,Ristinen-1960;Kovedjaeva-1966
1A-mrd,mrd,1A,2,Moderately small,Drabbe-1955
1A-mrt,mrt,1A,3,Average,Dench-1995
1A-mau,mau,1A,2,Moderately small,Capell-and-Hinch-1970
1A-max,max,1A,1,Small,Gudschinsky-et-al-1970
1A-mya,mya,1A,1,Small,van-der-Leeden-1993;Remijsen-2001
1A-may,may,1A,1,Small,Dol-1999
1A-maz,maz,1A,5,Large,Spotts-1953
1A-mzc,mzc,1A,3,Average,Jamieson-1976a;Jamieson-1976b
1A-mba,mba,1A,3,Average,Pasch-1986
1A-mbb,mbb,1A,3,Average,Dixon-1966a;Dixon-1966b
1A-mbm,mbm,1A,4,Moderately large,Hagege-1970
1A-mei,mei,1A,3,Average,Bhat-and-Ningomba-1997;Chelliah-1997
1A-mie,mie,1A,4,Moderately large,Purnell-1965;Mao-et-al-1982
1A-mss,mss,1A,2,Moderately small,Broadbent-1964;Freeland-1951
1A-mtp,mtp,1A,1,Small,Crawford-1963;Schoenhals-and-Schoenhals-1965
1A-mxc,mxc,1A,2,Moderately small,Macaulay-1996
1A-mxm,mxm,1A,2,Moderately small,Hunter-and-Pike-1969
1A-mog,mog,1A,3,Average,Weiers-1971
1A-mor,mor,1A,1,Small,Laycock-1978
1A-mro,mro,1A,3,Average,Black-and-Black-1971;Schadeberg-1981b
1A-mov,mov,1A,2,Moderately small,Aikhenvald-and-Dixon-1999;Judy-and-Judy-1962b
1A-mui,mui,1A,3,Average,Aschmann-1993;Walton-and-Walton-1967
1A-mum,mum,1A,3,Average,Shimizu-1983
1A-mun,mun,1A,4,Moderately large,Sinha-1975;Pinnow-1959;Gumperz-and-Bilibiri-1957
1A-mrl,mrl,1A,3,Average,Yigezu-2001;Arensen-1982
1A-mpa,mpa,1A,3,Average,Street-and-Mollinjin-1981
1A-nhn,nhn,1A,2,Moderately small,Brockway-1963
1A-nht,nht,1A,2,Moderately small,Tuggy-1979
1A-nmb,nmb,1A,3,Average,Price-1976;Kroeker-1972
1A-nai,nai,1A,2,Moderately small,Avrorin-1968
1A-nnc,nnc,1A,2,Moderately small,Radhakrishnan-1981;Das-1977
1A-nan,nan,1A,1,Small,Creider-and-Creider-1989
1A-nar,nar,1A,3,Average,Thompson-1976a;Bender-1968
1A-nas,nas,1A,1,Small,Hurd-and-Hurd-1966
1A-nbk,nbk,1A,4,Moderately large,Wurm-1972b
1A-nav,nav,1A,4,Moderately large,Sapir-and-Hoijer-1967;Young-and-Morgan-1972
1A-nax,nax,1A,5,Large,Jiang-1980;Bradley-1975;Jiang-1985
1A-ndt,ndt,1A,4,Moderately large,Gueye-1986
1A-ndy,ndy,1A,2,Moderately small,Huttar-and-Huttar-1972;Huttar-and-Huttar-1994
1A-nen,nen,1A,4,Moderately large,Katz-1975a;Tereshchenko-1966a;Ristinen-1965;Decsy-1966;Ristinen-1968;Hajdu-1963
1A-nap,nap,1A,3,Average,Garbell-1965
1A-nep,nep,1A,4,Moderately large,Bandhu-et-al-1971
1A-new,new,1A,3,Average,Hale-and-Hale-1969;Manandhar-1986
1A-nez,nez,1A,4,Moderately large,Aoki-1994
1A-nga,nga,1A,3,Average,Castren-1966;Tereshchenko-1979;Tereshchenko-1966c
1A-nti,nti,1A,5,Large,Kutsch-Lojenga-1994
1A-ngz,ngz,1A,5,Large,Schuh-1981
1A-nim,nim,1A,1,Small,Anceaux-1965
1A-niv,niv,1A,4,Moderately large,Gruzdeva-1998;Krejnovich-1937
1A-nko,nko,1A,3,Average,Taylor-1985
1A-nob,nob,1A,2,Moderately small,Bell-1968;Werner-1987;Bell-1971
1A-non,non,1A,3,Average,Hyman-1981b
1A-nor,nor,1A,3,Average,Vanvik-1972
1A-nug,nug,1A,3,Average,Hughes-and-Leeding-1971;Heath-1984
1A-nun,nun,1A,3,Average,Li-1977a
1A-nuu,nuu,1A,5,Large,Stonham-1999;Carlson-et-al-2001
1A-nkt,nkt,1A,4,Moderately large,Thongkum-1984;Thongkum-1982;Diffloth-1984
1A-nyg,nyg,1A,2,Moderately small,Heine-1975a
1A-nyi,nyi,1A,2,Moderately small,Stevenson-1957;Tucker-and-Bryan-1966
1A-nis,nis,1A,2,Moderately small,Ray-1967;Namkung-1996
1A-oca,oca,1A,4,Moderately large,Aschmann-1993;Agnew-and-Pike-1957
1A-ogb,ogb,1A,3,Average,Williamson-1970;Williamson-1972
1A-oji,oji,1A,2,Moderately small,Bloomfield-1957
1A-ond,ond,1A,1,Small,Michelson-1988;Abbott-2000
1A-ood,ood,1A,3,Average,Saxton-1963;Saxton-and-Saxton-1969;Hale-1959
1A-orm,orm,1A,3,Average,Efimov-1986
1A-orh,orh,1A,4,Moderately large,Owens-1985
1A-otm,otm,1A,3,Average,Wallis-1968;Sinclair-and-Pike-1948;Hess-1968
1A-pms,pms,1A,2,Moderately small,Crowley-1982
1A-pac,pac,1A,3,Average,Watson-1964
1A-pae,pae,1A,5,Large,Gerdel-1973;Jung-1989;Gerdel-1985
1A-pai,pai,1A,3,Average,Ferrel-1982;Ho-1977
1A-pnr,pnr,1A,1,Small,Cauty-1974b;Cauty-1974a;Cauty-1978;Payne-1990b
1A-puk,puk,1A,5,Large,Maddieson-and-Ladefoged-1985;Qiu-et-al-1980;Diffloth-1980
1A-psh,psh,1A,4,Moderately large,Grjunberg-1987;Penzl-1955;Shafeev-1964
1A-psm,psm,1A,2,Moderately small,LeSourd-1993;Sherwood-1986;Leavitt-1996
1A-pau,pau,1A,3,Average,Chapman-and-Derbyshire-1991;Chapman-1981
1A-paw,paw,1A,1,Small,MacDonald-1973;Trefry-1972
1A-pec,pec,1A,2,Moderately small,Holt-1999b;Holt-1986
1A-prs,prs,1A,3,Average,Majidi-and-Ternes-1999;Obolensky-et-al-1963
1A-phl,phl,1A,3,Average,Cooke-et-al-1976
1A-prh,prh,1A,1,Small,Everett-1986
1A-pit,pit,1A,2,Moderately small,Eckert-and-Hudson-1988;Glass-and-Hackett-1970
1A-poa,poa,1A,2,Moderately small,
1A-poh,poh,1A,1,Small,Rehg-1984a;Rehg-1984b;Rehg-1981
1A-pol,pol,1A,5,Large,
1A-pso,pso,1A,4,Moderately large,Moshinsky-1974
1A-pur,pur,1A,4,Moderately large,Foster-1969;Chamereau-2000;de-Paul-1989
1A-qaw,qaw,1A,3,Average,Clairis-1977;Clairis-1985
1A-qco,qco,1A,4,Moderately large,Lastra-1968
1A-qui,qui,1A,4,Moderately large,Hoard-1993;Powell-1975
1A-ram,ram,1A,2,Moderately small,Grinevald-1988
1A-rap,rap,1A,1,Small,Du-Feu-1996
1A-res,res,1A,4,Moderately large,Allin-1976
1A-rom,rom,1A,3,Average,Agard-1958;Ruhlen-1973;Tataru-1978
1A-rsc,rsc,1A,3,Average,Soler-and-Ebneter-1988
1A-ror,ror,1A,1,Small,Bluhme-1970;Davis-1974
1A-rtk,rtk,1A,1,Small,Firchow-et-al-1973;Firchow-and-Firchow-1969
1A-ruk,ruk,1A,3,Average,Li-1977b;Li-1973
1A-rus,rus,1A,4,Moderately large,Halle-1959;Jones-and-Ward-1969
1A-rut,rut,1A,5,Large,Ibragimov-1978;Dzhejranishvili-1967;Kodzasov-1990b
1A-scs,scs,1A,5,Large,Hasselbrink-1965;Kert-1971
1A-sab,sab,1A,3,Average,Clayre-1973
1A-sba,sba,1A,3,Average,Benaissa-1979
1A-sdw,sdw,1A,5,Large,Kagaya-1993;Maddieson-et-al-1999;Tucker-et-al-1977;Dempwolff-1916;Elderkin-1982
1A-san,san,1A,4,Moderately large,Samarin-1967b;Samarin-1967a
1A-snm,snm,1A,1,Small,Borgman-1990;Aikhenvald-and-Dixon-1999
1A-svs,svs,1A,2,Moderately small,Todd-1975
1A-seb,seb,1A,1,Small,Montgomery-1970
1A-sed,sed,1A,5,Large,Smith-1979;Smith-1968
1A-slp,slp,1A,2,Moderately small,McElhanon-1970b;McElhanon-1970c
1A-sel,sel,1A,3,Average,Najlis-1973
1A-skp,skp,1A,2,Moderately small,Prokofjeva-1966;Katz-1975b
1A-sml,sml,1A,4,Moderately large,Kruspe-1999
1A-snd,snd,1A,3,Average,Welmers-1950
1A-snc,snc,1A,1,Small,Chafe-1967
1A-snt,snt,1A,1,Small,Cowan-1965
1A-sha,sha,1A,3,Average,Chao-1951;Cheng-1973b;Chan-1980
1A-shs,shs,1A,2,Moderately small,Silver-1964;Silver-1966
1A-shk,shk,1A,2,Moderately small,Valenzuela-et-al-2001;Loriot-et-al-1993
1A-shi,shi,1A,1,Small,Migliazza-and-Grimes-1961
1A-shu,shu,1A,5,Large,Kuipers-1974
1A-sdh,sdh,1A,5,Large,Nihalani-1999
1A-snh,snh,1A,3,Average,Coates-and-da-Silva-1960
1A-sin,sin,1A,2,Moderately small,Wheeler-and-Wheeler-1962
1A-srn,srn,1A,3,Average,Firestone-1965
1A-sla,sla,1A,4,Moderately large,Rice-1978;Rice-1976;Rice-1989
1A-som,som,1A,3,Average,Cardona-1981;Andrzejewsky-1955;Farnetani-1981;Andrzejewsky-1956;Armstrong-1964;Hyman-1981a
1A-soq,soq,1A,4,Moderately large,Leslau-1938;Johnstone-1975
1A-sor,sor,1A,2,Moderately small,Ramamurti-1986
1A-spa,spa,1A,3,Average,Harris-1969a;Saporta-and-Contreras-1962;Navarro-1961
1A-squ,squ,1A,5,Large,Kuipers-1967
1A-sre,sre,1A,4,Moderately large,Manley-1972
1A-sue,sue,1A,1,Small,Wilson-1969;Wilson-1974
1A-sui,sui,1A,5,Large,Li-1948
1A-sup,sup,1A,3,Average,Carlson-1994
1A-swa,swa,1A,4,Moderately large,Polome-nd
1A-tab,tab,1A,2,Moderately small,Bowden-and-Hajek-1999;Bowden-1997a
1A-tac,tac,1A,2,Moderately small,Key-1968;Van-Wynen-and-Van-Wynen-1962
1A-tag,tag,1A,2,Moderately small,Bloomfield-1917;Schachter-and-Otanes-1972
1A-tma,tma,1A,3,Average,Tucker-and-Bryan-1966
1A-tam,tam,1A,3,Average,Mazaudon-1973
1A-tmp,tmp,1A,3,Average,Bergman-et-al-1969
1A-tok,tok,1A,4,Moderately large,Robinson-1976
1A-tsg,tsg,1A,2,Moderately small,Ashley-1963
1A-teh,teh,1A,4,Moderately large,Fernandez-Garay-1998
1A-tks,tks,1A,3,Average,Paulian-1975
1A-tel,tel,1A,4,Moderately large,Sastry-1972;Krishnamurti-1961;Kostic-et-al-1977;Kelley-1963;Lisker-1963
1A-tmn,tmn,1A,2,Moderately small,Tucker-and-Bryan-1966
1A-tne,tne,1A,2,Moderately small,Dalby-1966;Wilson-1961a
1A-ter,ter,1A,5,Large,Newman-1970
1A-ttn,ttn,1A,1,Small,Morris-1984
1A-tha,tha,1A,3,Average,Abramson-1962;Noss-1954;Noss-1964;Haas-1964;Kruatrachue-1960;Kalaya-and-Abramson-1999
1A-tib,tib,1A,5,Large,Denwood-1999
1A-tic,tic,1A,2,Moderately small,Anderson-1959;Anderson-1962
1A-tgk,tgk,1A,1,Small,Beaumont-1979
1A-tgr,tgr,1A,4,Moderately large,Klingenheben-1966;Palmer-1962
1A-try,try,1A,2,Moderately small,Schlegel-1971;Post-1966
1A-twn,twn,1A,4,Moderately large,Hoijer-and-Dozier-1949;Trager-1971
1A-tiw,tiw,1A,3,Average,Osborne-1974;Lee-1983;Lee-1984;Anderson-and-Maddieson-1994
1A-tlp,tlp,1A,3,Average,Suarez-1983a
1A-tli,tli,1A,5,Large,Maddieson-et-al-2001
1A-toa,toa,1A,1,Small,Brown-1973
1A-tol,tol,1A,3,Average,Fleming-and-Dennis-1977;Holt-1999a
1A-ton,ton,1A,2,Moderately small,Hoijer-1972;Hoijer-1949;Hoijer-1946b
1A-dts,dts,1A,2,Moderately small,Plungian-1995;Bendor-Samuel-et-al-1989
1A-tpa,tpa,1A,2,Moderately small,Aschmann-1946
1A-tru,tru,1A,3,Average,Guirardello-1992;Guirardello-1999b;Monod-Becquelin-1975
1A-tsi,tsi,1A,5,Large,Mulder-1988;Dunn-1979;Hoard-1978;Dunn-1995;Dunn-1970
1A-tso,tso,1A,2,Moderately small,Tung-1964;Wright-and-Ladefoged-1994
1A-ttu,ttu,1A,5,Large,Desheriev-1953
1A-tug,tug,1A,3,Average,Prasse-1972;Louali-Reynal-et-al-1997
1A-tuk,tuk,1A,3,Average,Donohue-1999c;Donohue-1999a
1A-tul,tul,1A,3,Average,Bhat-1967
1A-tun,tun,1A,2,Moderately small,Haas-1940
1A-tur,tur,1A,3,Average,Zimmer-and-Orgun-1999
1A-tuv,tuv,1A,3,Average,Sat-1966;Anderson-and-Harrison-1999;Seglenmej-1979;Song-1982
1A-tza,tza,1A,3,Average,Kaufman-1971
1A-umb,umb,1A,3,Average,Schadeberg-1990;Schadeberg-1982
1A-una,una,1A,3,Average,Louwerse-1988
1A-ung,ung,1A,2,Moderately small,Rumsey-1982;Coate-and-Oates-1970;Coate-and-Elkin-1974
1A-urk,urk,1A,2,Moderately small,Kakumasu-1986
1A-usa,usa,1A,1,Small,Reesink-1987
1A-uzn,uzn,1A,3,Average,Sjoberg-1963;Sjoberg-1962
1A-vie,vie,1A,3,Average,Nguyen-1990;Thompson-1965;Emeneau-1951;Nguyen-1974a
1A-wah,wah,1A,2,Moderately small,Ladefoged-et-al-1977;Phillips-1976
1A-bno,bno,1A,1,Small,Stolte-and-Stolte-1971
1A-wam,wam,1A,2,Moderately small,Nordlinger-1998
1A-wnt,wnt,1A,2,Moderately small,Davis-1969
1A-wps,wps,1A,2,Moderately small,Tracy-1972
1A-wap,wap,1A,4,Moderately large,Sawyer-1965
1A-wra,wra,1A,1,Small,Vaquero-1965;Romero-Figueroa-1997;Osborn-1966;de-Goeje-1930
1A-wry,wry,1A,2,Moderately small,Harvey-1986
1A-wrd,wrd,1A,2,Moderately small,Merlan-1994
1A-war,war,1A,2,Moderately small,Everett-and-Kern-1997;MacEachern-et-al-1997
1A-wrs,wrs,1A,1,Small,Brown-1988b
1A-wdo,wdo,1A,2,Moderately small,Douglas-1955;Douglas-1964
1A-wma,wma,1A,2,Moderately small,Voorhoeve-1982;Watuseke-1976
1A-wch,wch,1A,3,Average,Hunt-1940;Vinas-Urquiza-1974;Tovar-1981
1A-wic,wic,1A,3,Average,Rood-1976
1A-wmu,wmu,1A,1,Small,Sayers-and-Godfrey-1964;McConnel-1945
1A-win,win,1A,4,Moderately large,Pitkin-1984;Schlichter-1981
1A-wiy,wiy,1A,3,Average,Teeter-1964
1A-woi,woi,1A,2,Moderately small,Stokhof-1979
1A-wlf,wlf,1A,4,Moderately large,Manessy-and-Sauvageot-1963;Ka-1994;Sauvageot-1965;Ward-1963
1A-wuc,wuc,1A,3,Average,Chao-1970
1A-xia,xia,1A,3,Average,Ramsey-1987;Norman-1988;Hanyu-1960
1A-xoo,xoo,1A,5,Large,Traill-1985;Traill-1994
1A-ygr,ygr,1A,1,Small,Renck-1967;Haiman-1980;Renck-1975
1A-yag,yag,1A,1,Small,Payne-1985
1A-ykt,ykt,1A,3,Average,Ubrjatova-1966;Bohtlingk-1964;Krueger-1962
1A-yan,yan,1A,3,Average,Sapir-and-Swadesh-1960
1A-amu,amu,1A,3,Average,Fast-1953;Wise-1958
1A-yny,yny,1A,4,Moderately large,Kirton-and-Charlie-1978;Kirton-1967;Huttar-and-Kirton-1981
1A-yap,yap,1A,3,Average,Jensen-et-al-1977a;Hsu-1969
1A-yaq,yaq,1A,2,Moderately small,Dedrick-and-Casad-1999;Kurath-and-Spicer-1947
1A-yar,yar,1A,1,Small,Weimer-and-Weimer-1972
1A-yaw,yaw,1A,1,Small,Jones-1986b
1A-yay,yay,1A,3,Average,Gedney-1965
1A-yel,yel,1A,5,Large,
1A-yes,yes,1A,2,Moderately small,Foreman-and-Marten-1973
1A-yey,yey,1A,5,Large,Gowlett-1997
1A-yid,yid,1A,1,Small,Dixon-1977a
1A-yim,yim,1A,1,Small,Foley-1991
1A-yor,yor,1A,2,Moderately small,Bamgbose-1966
1A-yct,yct,1A,3,Average,Straight-1976
1A-yuc,yuc,1A,5,Large,Ballard-1975;Crawford-1973
1A-ycn,ycn,1A,2,Moderately small,Schauer-and-Schauer-1967
1A-yko,yko,1A,3,Average,Maslova-1999
1A-ytu,ytu,1A,3,Average,Krejnovich-1968c;Krejnovich-1958
1A-yul,yul,1A,5,Large,Boyeldieu-1987
1A-yus,yus,1A,4,Moderately large,Krauss-1975
1A-yur,yur,1A,4,Moderately large,Robins-1958
1A-zan,zan,1A,3,Average,Tucker-and-Hackett-1959
1A-zqc,zqc,1A,2,Moderately small,Wonderly-1951a
1A-zul,zul,1A,4,Moderately large,Doke-1961;Doke-1926;Ziervogel-et-al-1981;Poulos-and-Msimang-1998;Poulos-and-Bosch-1997;Canonici-1989
1A-zun,zun,1A,3,Average,Walker-1972;Newman-1965
